Year,Month,Receation Visitiors,Non-Recreation Visitors,RecreationHours,NonRecreationHours,Tent Campers,RV Campers,TotalOvernightStays
1979,January,"23,605",479,"188,840","3,832",15,39,"3,505"
1979,February,"31,992",36,"255,936",288,246,252,"6,007"
1979,March,"17,813",0,"142,504",0,342,513,"4,396"
1979,April,"34,095",426,"272,760","3,408","1,008","1,527","3,000"
1979,May,"108,952",473,"871,616","3,784","8,328","10,365","43,373"
1979,June,"313,924",225,"9,888,606","1,800","37,407","64,563","236,511"
1979,July,"493,902",191,"15,557,913","1,528","66,549","116,991","399,552"
1979,August,"493,915",141,"15,558,323","1,128","69,045","105,654","394,134"
1979,September,"262,786",153,"8,277,759","1,224","29,268","47,136","153,138"
1979,October,"76,542",77,"612,336",616,"6,753","10,848","27,525"
1979,November,"12,698",23,"101,584",184,201,228,543
1979,December,"22,684",37,"181,472",296,135,150,"2,737"
1980,January,"24,757",94,"198,056",752,51,96,"3,951"
1980,February,"36,373",149,"290,984","1,192",57,42,"5,885"
1980,March,"28,112",124,"224,896",992,315,186,"3,923"
1980,April,"32,466",323,"259,728","2,584",858,912,"3,235"
1980,May,"101,988",224,"815,904","1,792","6,849","10,113","40,348"
1980,June,"325,211","1,151","11,772,638","9,208","37,806","64,731","239,654"
1980,July,"557,810","4,599","20,192,722","36,792","62,949","107,787","404,727"
1980,August,"523,549","4,856","18,952,474","38,848","61,443","90,015","364,461"
1980,September,"229,396","3,627","4,243,826","29,016","23,268","34,791","127,319"
1980,October,"93,240","2,153","1,724,940","17,224","4,317","8,028","22,659"
1980,November,"25,773",433,"476,801","3,464",183,495,752
1980,December,"21,594",846,"399,489","6,768",120,153,"3,032"
1981,January,"24,924",633,"461,094","2,532",99,131,"4,324"
1981,February,"28,590",541,"528,915","2,164",74,83,"5,885"
1981,March,"19,305",700,"357,143","2,800",250,189,"4,074"
1981,April,"21,342",821,"394,827","3,284",537,483,"1,310"
1981,May,"158,762","2,567","2,937,097","10,268","9,050","13,632","44,018"
1981,June,"421,817","4,333","15,269,775","17,332","47,257","77,356","274,182"
1981,July,"701,758","5,975","25,403,639","23,900","75,056","132,393","456,098"
1981,August,"651,977","5,120","23,601,567","20,480","72,262","111,514","406,831"
1981,September,"346,906","3,554","6,417,761","14,216","32,582","50,652","161,145"
1981,October,"91,385","1,814","1,690,623","7,256","7,222","4,291","22,785"
1981,November,"30,202",676,"558,737","2,704",477,598,"1,448"
1981,December,"24,863",742,"459,965","2,968",28,115,"3,488"
1982,January,"22,523",790,"416,676","3,160",29,38,"5,267"
1982,February,"32,204",969,"595,774","3,876",112,83,"6,149"
1982,March,"25,325",957,"468,513","3,828",246,189,"4,121"
1982,April,"28,584","1,548","528,804","6,192",410,384,"2,798"
1982,May,"148,257","2,854","2,742,755","11,416","5,443","9,661","34,753"
1982,June,"413,052","5,776","17,306,878","23,104","32,298","59,395","238,211"
1982,July,"688,061","5,896","28,829,756","23,584","69,834","134,586","448,139"
1982,August,"626,834","6,019","26,264,345","24,076","79,437","113,238","412,919"
1982,September,"281,287","6,145","5,203,810","24,580","43,878","28,048","146,506"
1982,October,"74,181","2,778","1,372,349","11,112","1,584","3,590","13,395"
1982,November,"16,673","1,213","308,451","4,852",86,55,697
1982,December,"11,916","1,020","220,446","4,080",38,52,"3,768"
1983,January,"18,329","1,684","339,087","6,736",35,42,"6,014"
1983,February,"25,647","1,783","474,470","7,132",42,32,"7,399"
1983,March,"15,671","2,254","289,914","9,016",138,86,"4,287"
1983,April,"17,935","1,447","331,798","5,788",317,310,875
1983,May,"123,437","4,308","2,283,585","17,232","5,894","9,923","34,465"
1983,June,"396,890","9,969","16,629,691","39,876","36,355","70,285","253,771"
1983,July,"704,745","10,376","29,528,816","41,504","62,074","126,726","428,914"
1983,August,"604,247","10,783","25,317,949","43,132","64,291","108,915","388,865"
1983,September,"314,919","8,141","5,826,002","32,564","27,667","44,672","144,927"
1983,October,"103,385","5,892","1,912,623","23,568","3,533","5,459","20,408"
1983,November,"11,955",839,"221,168","3,356",32,125,502
1983,December,"10,082",935,"186,517","3,740",6,19,"1,955"
1984,January,"18,864","1,521","367,484","6,084",10,16,"6,324"
1984,February,"30,067","1,333","556,240","5,332",45,48,"8,578"
1984,March,"11,372",770,"210,382","3,080",310,80,"3,444"
1984,April,"18,303",304,"338,606","1,216",227,301,752
1984,May,"127,555","3,802","2,359,767","15,208","5,107","9,223","35,022"
1984,June,"379,837","6,964","15,915,170","27,856","59,549","31,667","238,684"
1984,July,"667,307","7,607","27,960,163","30,428","70,688","120,128","443,793"
1984,August,"586,631","7,259","24,579,839","29,036","68,400","98,681","396,161"
1984,September,"287,141","5,530","5,312,109","22,120","22,557","36,931","130,269"
1984,October,"76,118","3,622","1,408,183","14,488","1,990","3,885","15,897"
1984,November,"2,273",737,"420,505","2,948",16,86,410
1984,December,"16,559","1,493","306,342","5,972",16,10,"5,640"
1985,January,"20,919","2,437","387,002","9,748",6,38,"8,521"
1985,February,"30,590","2,105","565,915","8,420",29,51,"10,926"
1985,March,"9,611","1,114","177,804","4,456",310,80,"3,834"
1985,April,"21,994",875,"406,889","3,500",269,342,875
1985,May,"159,597","3,742","2,952,545","14,968","3,994","5,634","31,513"
1985,June,"401,168","4,683","16,808,939","18,732","39,287","63,673","257,356"
1985,July,"648,994","6,098","27,192,849","24,392","68,239","128,000","445,319"
1985,August,"572,352","6,093","23,981,549","24,372","65,797","93,136","375,915"
1985,September,"261,850","4,746","4,844,225","18,984","15,528","33,619","116,567"
1985,October,"72,944","2,597","1,349,464","10,388","1,229","2,330","11,803"
1985,November,"6,726",569,"124,431","2,276",29,90,413
1985,December,"19,414","1,237","359,159","4,948",58,93,"7,350"
1986,January,"24,708","1,398","457,098","5,592",29,38,"12,394"
1986,February,"29,684","1,380","549,154","5,520",19,77,"13,169"
1986,March,"20,165","1,742","373,053","6,968",61,17,"4,439"
1986,April,"21,681","1,441","401,099","5,764",246,352,718
1986,May,"147,767","3,166","2,733,690","12,664","6,852","12,170","42,014"
1986,June,"427,968","5,900","17,931,859","23,600","38,506","78,006","277,281"
1986,July,"663,205","7,878","27,788,290","31,512","65,434","123,561","430,952"
1986,August,"614,295","7,877","25,738,961","31,508","69,185","98,736","380,018"
1986,September,"295,089","5,405","5,459,147","21,620","17,798","42,461","123,699"
1986,October,"94,106","3,134","1,740,961","12,536","2,239","4,323","16,259"
1986,November,"6,414",681,"118,659","2,724",67,144,377
1986,December,"18,674","1,305","345,469","5,220",54,77,"6,987"
1987,January,"27,238","2,080","542,383","8,320",13,58,"12,217"
1987,February,"32,559","1,819","602,342","7,276",38,74,"13,167"
1987,March,"12,310",995,"227,735","3,980",118,70,"2,372"
1987,April,"31,938","1,406","590,853","5,624",824,794,"1,752"
1987,May,"185,705","4,673","3,435,543","18,692","8,725","17,981","57,298"
1987,June,"447,465","8,810","18,748,784","35,240","45,188","73,260","286,642"
1987,July,"685,128","7,348","28,706,863","29,392","76,812","120,880","437,348"
1987,August,"626,537","6,934","26,251,900","27,736","77,256","99,731","395,532"
1987,September,"361,842","5,029","6,694,077","20,116","31,033","54,227","158,055"
1987,October,"122,637","2,960","2,268,785","11,840","4,517","8,909","25,306"
1987,November,"19,842","1,542","367,077","6,168",291,499,869
1987,December,"19,993","1,639","369,871","6,556",10,29,"7,014"
1988,January,"25,706","1,802","475,561","7,208",22,26,"11,874"
1988,February,"35,936","1,456","664,816","5,824",22,118,"12,972"
1988,March,"18,470","1,570","341,695","6,280",19,106,"4,703"
1988,April,"22,999",747,"425,482","2,988",192,477,886
1988,May,"175,285","3,162","3,242,773","12,648","8,961","17,597","54,406"
1988,June,"442,400","5,249","18,536,560","20,996","48,980","77,978","311,544"
1988,July,"636,295","5,457","26,660,760","21,828","71,645","105,459","409,976"
1988,August,"440,130","5,646","18,441,447","22,584","40,071","51,008","260,137"
1988,September,"176,833","3,909","3,271,411","15,636","3,323","9,101","23,757"
1988,October,"170,504","4,515","3,154,324","18,060","3,288","7,638","11,480"
1988,November,"18,510","1,877","342,435","7,508",96,224,633
1988,December,"19,045","1,625","352,333","6,500",58,41,"6,628"
1989,January,"24,328","1,626","450,068","6,504",10,16,"9,197"
1989,February,"30,768","1,560","569,208","6,240",32,29,"10,073"
1989,March,"22,163","2,097","410,016","8,388",256,80,"3,791"
1989,April,"25,292","1,223","467,902","4,892",509,614,"1,416"
1989,May,"216,163","4,487","9,057,230","17,948","8,416","15,430","54,292"
1989,June,"467,193","5,663","19,575,387","22,652","36,758","72,778","268,907"
1989,July,"696,587","5,985","29,186,995","23,940","66,464","113,187","412,063"
1989,August,"608,248","5,485","25,485,591","21,940","63,651","89,254","359,485"
1989,September,"403,579","4,406","7,466,212","17,624","25,184","47,401","145,226"
1989,October,"123,454","2,222","2,283,899","8,888","3,322","7,392","20,226"
1989,November,"6,791","1,026","125,634","4,104",96,67,368
1989,December,"19,876",154,"367,706",616,58,35,"6,991"
1990,January,"25,884",221,"478,854",884,0,30,"11,139"
1990,February,"33,285",424,"615,772","1,696",25,42,"12,495"
1990,March,"19,372",366,"358,382","1,464",86,106,"3,435"
1990,April,"29,242",503,"540,977","2,012",600,790,"1,638"
1990,May,"203,712","3,360","3,768,672","13,440","6,267","12,640","55,130"
1990,June,"526,586","5,209","22,063,953","20,836","36,606","69,126","282,698"
1990,July,"760,520","7,822","31,865,788","31,288","67,949","108,326","422,100"
1990,August,"674,454","7,297","28,259,622","29,168","70,197","87,757","374,972"
1990,September,"414,563","4,278","7,669,416","17,112","31,720","50,675","155,048"
1990,October,"111,145","2,641","2,056,183","10,564","2,467","6,422","20,490"
1990,November,"8,117",970,"150,165","3,880",80,96,505
1990,December,"16,692",433,"308,802","1,732",3,16,"5,494"
1991,January,"28,851",616,"533,744","2,464",10,38,"10,826"
1991,February,"38,050",617,"703,925","2,468",3,13,"11,950"
1991,March,"19,946",810,"369,001","3,240",61,61,"2,766"
1991,April,"19,875",631,"367,688","2,524",253,317,896
1991,May,"188,798","3,175","3,492,763","12,700","8,426","11,075","57,626"
1991,June,"499,107","6,012","20,912,583","24,048","46,303","62,915","284,503"
1991,July,"796,656","7,487","33,379,886","29,948","79,333","94,797","418,836"
1991,August,"721,103","7,783","30,214,216","31,132","82,914","86,512","389,895"
1991,September,"432,948","5,147","8,009,538","20,588","34,305","47,533","164,182"
1991,October,"144,944","3,241","2,681,464","12,964","6,152","9,254","28,206"
1991,November,"6,261","1,220","115,829","4,880",45,32,511
1991,December,"23,998",580,"443,963","2,320",19,45,"6,252"
1992,January,"33,552",753,"620,712","3,012",19,58,"12,429"
1992,February,"40,245",676,"744,533","2,704",18,45,"12,989"
1992,March,"19,615",343,"362,877","1,372",144,128,"2,276"
1992,April,"51,933",540,"960,760","2,160",989,621,"1,813"
1992,May,"257,951","4,153","4,772,094","16,612","14,788","17,894","76,951"
1992,June,"539,959","6,847","22,624,282","27,388","51,763","67,088","298,394"
1992,July,"799,411","9,318","33,495,321","37,272","78,365","96,682","416,510"
1992,August,"742,879","9,525","31,126,630","38,100","81,563","82,954","383,231"
1992,September,"462,788","5,761","8,561,578","23,044","29,600","44,314","157,478"
1992,October,"159,842","3,126","2,957,077","12,504","4,922","7,433","22,417"
1992,November,"8,646",547,"159,951","2,188",22,29,337
1992,December,"27,584",596,"510,304","2,384",13,42,"7,388"
1993,January,"38,100","38,805","736,008","23,532",10,19,"11,617"
1993,February,"44,049","41,161","820,356","23,735",26,16,"12,157"
1993,March,"31,768","50,739","455,256","27,175",48,109,"3,085"
1993,April,"24,013","41,382","311,556","23,316",326,477,975
1993,May,"191,222","67,428","3,819,216","47,264","12,666","13,674","63,523"
1993,June,"525,378","108,649","12,125,064","71,829","45,578","48,365","242,522"
1993,July,"768,164","144,451","18,000,456","98,226","83,968","86,813","365,937"
1993,August,"714,408","155,429","16,915,272","102,029","90,470","73,341","347,599"
1993,September,"401,124","111,220","9,209,496","68,440","41,718","48,650","183,167"
1993,October,"125,107","76,852","2,006,580","50,306","4,810","7,536","21,054"
1993,November,"18,899","41,516","235,188","23,553",51,67,350
1993,December,"29,961","44,770","533,364","25,280",26,29,"7,243"
1994,January,"40,757","42,515","757,788","23,547",58,13,"11,196"
1994,February,"44,946","41,367","825,384","23,689",45,6,"11,918"
1994,March,"27,859","56,039","415,740","31,310",115,38,"3,393"
1994,April,"36,280","48,244","469,824","27,987",592,592,"1,436"
1994,May,"233,737","75,291","4,667,652","46,190","15,501","15,584","77,617"
1994,June,"541,704","124,901","12,837,504","73,345","54,992","54,586","264,044"
1994,July,"831,152","160,522","18,335,040","95,526","71,680","85,942","348,384"
1994,August,"731,012","153,967","17,128,920","91,029","89,965","77,798","348,199"
1994,September,"414,848","114,188","9,441,888","68,064","41,949","49,686","185,988"
1994,October,"106,646","72,121","1,860,576","41,920","5,050","7,968","24,201"
1994,November,"7,953","46,837","104,340","24,908",58,35,371
1994,December,"29,251","43,305","510,204","23,923",61,29,"6,633"
1995,January,"40,868","45,052","756,768","25,801",74,32,"11,098"
1995,February,"48,034","48,910","851,064","27,510",51,67,"11,444"
1995,March,"21,157","53,264","320,124","29,602",54,54,"2,760"
1995,April,"26,147","45,298","337,500","25,994",355,573,989
1995,May,"201,797","79,390","4,006,164","46,485","4,285","3,802","66,025"
1995,June,"550,978","111,759","12,563,520","67,540","15,946","13,040","247,991"
1995,July,"847,003","156,492","18,585,252","91,676","26,061","17,283","350,884"
1995,August,"773,307","155,838","17,287,692","89,669","26,621","14,486","333,667"
1995,September,"468,062","109,890","10,360,680","64,900","12,832","11,629","197,664"
1995,October,"128,483","75,798","2,195,916","44,274","2,534","3,901","27,255"
1995,November,"11,635","47,049","146,700","25,520",74,51,295
1995,December,"7,814","47,882","105,168","25,891",6,19,475
1996,January,"32,871","45,039","582,828","25,430",35,19,"7,849"
1996,February,"51,692","49,187","875,736","27,959",16,22,"10,643"
1996,March,"27,162","57,240","394,272","31,245",102,61,"2,847"
1996,April,"24,321","45,809","313,164","26,145",323,416,888
1996,May,"187,045","75,894","3,750,060","45,632","2,672","2,906","62,730"
1996,June,"539,368","114,598","12,028,056","68,814","12,038","8,746","231,485"
1996,July,"818,964","156,474","17,922,840","91,807","20,550","11,523","337,303"
1996,August,"753,934","142,062","16,781,448","81,861","20,723","9,539","322,260"
1996,September,"426,806","107,627","9,396,120","64,418","11,002","10,333","178,102"
1996,October,"118,902","64,965","2,141,664","39,387","3,312","3,910","29,785"
1996,November,"10,473","47,982","139,620","25,366",61,112,581
1996,December,"20,633","47,765","325,524","25,513",32,26,"3,247"
1997,January,"31,155","45,029","566,124","25,119",13,32,"8,011"
1997,February,"42,392","51,786","770,568","29,293",26,45,"10,911"
1997,March,"19,324","52,676","276,000","28,993",102,58,"1,838"
1997,April,"21,526","50,997","276,000","30,088",307,307,737
1997,May,"191,985","78,398","3,887,052","46,229","3,693","4,112","65,968"
1997,June,"512,895","117,163","11,803,620","65,892","14,026","11,597","235,370"
1997,July,"774,327","149,869","17,722,476","81,405","24,746","15,616","351,273"
1997,August,"737,973","151,298","16,777,404","83,204","25,286","14,483","330,072"
1997,September,"403,184","106,773","9,198,960","60,952","13,981","14,253","181,698"
1997,October,"120,266","74,970","2,144,856","41,475","2,384","3,741","29,236"
1997,November,"9,983","46,821","131,244","25,550",102,64,477
1997,December,"24,503","39,968","431,772","22,349",32,29,"5,739"
1998,January,"33,845","43,793","586,596","24,601",6,19,"7,519"
1998,February,"43,032","48,248","733,944","26,794",51,61,"9,065"
1998,March,"17,894","56,990","258,792","31,315",93,70,"1,836"
1998,April,"29,689","54,247","389,052","31,708",602,637,"1,366"
1998,May,"222,385","80,341","4,413,252","47,205","4,445","4,659","72,693"
1998,June,"549,396","111,185","12,206,136","63,217","13,226","11,181","233,891"
1998,July,"829,683","144,999","18,363,060","83,310","21,814","12,698","350,286"
1998,August,"764,238","150,274","17,071,536","85,287","26,010","12,099","329,195"
1998,September,"445,741","109,047","10,240,908","64,173","15,027","15,133","203,834"
1998,October,"150,079","73,989","2,645,796","41,989","2,736","4,067","35,202"
1998,November,"9,106","49,124","124,560","27,097",74,74,637
1998,December,"25,742","48,037","436,584","26,154",19,26,"5,320"
1999,January,"34,346","49,779","586,008","27,030",22,32,"7,244"
1999,February,"41,120","49,275","703,368","26,848",35,19,"8,747"
1999,March,"23,067","60,679","344,844","32,020",128,54,"2,835"
1999,April,"27,128","51,283","348,000","30,397",413,426,936
1999,May,"203,727","77,097","4,000,716","47,024","3,651","4,010","64,833"
1999,June,"580,624","112,915","13,118,328","66,778","13,443","11,283","256,285"
1999,July,"832,685","155,824","18,392,292","90,217","21,914","15,536","350,003"
1999,August,"760,062","147,106","16,829,400","85,123","21,328","14,950","321,194"
1999,September,"445,057","114,197","9,849,228","65,549","12,954","14,842","187,856"
1999,October,"142,049","74,223","2,489,604","41,572","2,742","3,632","32,709"
1999,November,"16,230","51,583","216,792","27,861",147,227,918
1999,December,"25,286","48,322","422,448","25,911",26,22,"4,959"
2000,January,"37,301","46,489","641,508","26,045",32,42,"8,079"
2000,February,"47,573","50,674","828,972","29,317",80,45,"10,754"
2000,March,"20,404","57,726","325,536","32,088",397,224,"3,362"
2000,April,"27,869","50,864","367,980","28,117",538,691,"1,398"
2000,May,"214,814","76,749","4,311,624","45,400","4,445","8,016","72,244"
2000,June,"553,892","111,695","12,443,976","63,087","13,946","11,690","241,553"
2000,July,"768,040","154,472","17,742,696","85,861","22,736","15,517","355,259"
2000,August,"634,104","141,925","14,960,232","78,717","21,411","11,846","306,291"
2000,September,"353,728","98,455","8,038,056","56,298","9,459","11,194","158,055"
2000,October,"139,784","72,545","2,360,496","42,098","2,294","3,437","28,462"
2000,November,"13,422","47,135","165,912","25,057",106,96,202
2000,December,"27,302","47,741","464,472","24,916",61,58,"5,702"
2001,January,"44,356","48,490","763,800","25,835",64,26,"9,647"
2001,February,"48,980","51,538","840,576","27,379",51,54,"10,534"
2001,March,"18,485","61,047","267,804","32,114",227,112,"1,916"
2001,April,"28,341","51,624","344,364","27,477",0,0,178
2001,May,"229,085","76,527","4,482,876","44,364","4,445","8,016","72,244"
2001,June,"507,737","106,733","12,031,284","62,836","13,478","11,904","247,435"
2001,July,"724,735","147,375","17,384,076","84,493","23,267","14,947","361,969"
2001,August,"613,965","135,569","15,243,324","77,909","21,853","12,733","328,156"
2001,September,"373,583","97,535","8,739,276","58,047","10,570","12,733","177,345"
2001,October,"121,958","61,179","2,147,952","37,380","2,192","2,912","28,519"
2001,November,"19,585","40,883","252,444","22,212",96,160,726
2001,December,"27,716","46,384","471,312","24,517",54,38,"5,780"
2002,January,"40,465","46,115","714,112","24,848",54,96,"9,522"
2002,February,"52,002","52,493","869,099","27,697",42,112,"10,212"
2002,March,"23,305","62,365","334,137","33,207",93,115,"2,270"
2002,April,"15,904","53,013","221,060","28,627",445,739,"1,259"
2002,May,"228,642","80,109","4,539,749","45,880","4,909","5,642","74,836"
2002,June,"568,144","113,778","13,172,117","65,249","11,008","11,350","264,766"
2002,July,"794,929","142,857","18,438,064","83,199","24,221","15,418","370,789"
2002,August,"663,266","143,395","15,983,198","83,582","22,096","12,240","334,334"
2002,September,"413,960","109,942","9,425,549","62,686","10,531","13,338","185,752"
2002,October,"142,702","58,843","2,325,599","33,392","2,390","3,469","25,549"
2002,November,"11,235","31,925","147,803","17,293",147,58,541
2002,December,"19,123","46,599","352,139","25,520",38,93,"5,111"
2003,January,"36,387","43,829","601,500","24,579",86,138,"6,869"
2003,February,"39,494","40,727","710,168","22,764",29,86,"9,843"
2003,March,"17,718","47,735","255,238","27,018",131,170,"1,776"
2003,April,"28,877","56,487","387,511","31,708",653,973,"1,708"
2003,May,"206,245","75,952","4,230,581","46,156","4,918","5,523","73,151"
2003,June,"580,919","116,298","13,096,936","67,694","14,138","13,402","255,247"
2003,July,"809,689","156,022","18,388,742","91,691","23,773","15,427","361,353"
2003,August,"698,753","145,844","16,294,043","84,237","23,152","13,571","329,542"
2003,September,"404,498","111,568","9,090,875","65,904","12,045","15,299","176,537"
2003,October,"175,877","74,879","2,822,682","46,600","3,094","4,893","29,673"
2003,November,"7,967","25,466","107,478","14,733",67,90,495
2003,December,"12,951","45,029","274,699","24,134",48,150,"4,970"
2004,January,"22,817","41,918","414,016","23,289",93,122,"5,843"
2004,February,"30,030","33,052","565,338","18,971",58,134,"8,541"
2004,March,"20,187","46,401","297,316","26,661",192,157,"2,295"
2004,April,"32,434","62,384","423,808","33,722",595,746,"1,442"
2004,May,"216,905","80,837","4,077,202","46,929","3,530","5,341","61,431"
2004,June,"584,925","118,827","13,056,271","74,369","14,147","12,234","251,549"
2004,July,"732,682","154,693","17,257,866","88,107","20,538","15,402","352,738"
2004,August,"657,869","143,539","15,328,588","81,625","19,542","13,296","309,756"
2004,September,"406,327","116,081","9,175,722","67,181","10,490","14,330","179,159"
2004,October,"135,605","61,576","2,337,674","38,953","1,830","3,782","29,600"
2004,November,"13,939","35,582","184,320","20,851",173,170,711
2004,December,"14,597","42,589","279,587","23,910",83,138,"4,351"
2005,January,"22,297","41,233","403,902","24,331",80,112,"5,681"
2005,February,"29,018","32,973","546,671","20,072",51,144,"8,269"
2005,March,"17,324","44,709","248,194","25,314",157,122,"1,680"
2005,April,"26,116","56,623","348,216","31,971",458,858,"1,452"
2005,May,"225,811","83,599","4,097,551","49,469","4,224","5,299","57,826"
2005,June,"560,014","121,322","12,208,636","72,061","12,272","12,426","228,686"
2005,July,"743,165","162,474","17,798,794","91,982","20,947","15,344","370,034"
2005,August,"647,288","144,944","15,464,462","82,902","19,094","12,883","320,708"
2005,September,"393,362","115,089","8,681,500","65,734","10,093","13,437","165,049"
2005,October,"142,912","61,163","2,315,016","38,467","1,862","3,245","25,003"
2005,November,"11,505","30,246","155,437","17,728",150,157,724
2005,December,"16,839","45,603","311,532","25,737",64,109,"4,561"
2006,January,"23,989","46,399","442,207","26,059",64,109,"6,431"
2006,February,"29,011","43,777","560,844","24,344",64,80,"8,863"
2006,March,"18,879","58,986","271,508","31,393",173,109,"1,874"
2006,April,"29,381","49,042","386,068","26,426",579,746,"1,396"
2006,May,"230,762","80,912","4,132,933","46,236","5,002","5,613","56,825"
2006,June,"557,213","116,313","12,056,885","66,892","14,246","12,650","223,764"
2006,July,"738,807","159,583","16,878,655","87,602","19,808","14,291","333,873"
2006,August,"635,666","144,287","14,759,779","80,463","19,376","11,648","297,158"
2006,September,"428,369","104,877","9,393,316","59,004","9,731","13,498","177,204"
2006,October,"146,790","71,859","2,448,296","41,154","1,811","3,475","28,617"
2006,November,"12,382","47,429","164,460","25,089",67,134,661
2006,December,"19,046","47,108","336,504","24,359",42,134,"4,498"
2007,January,"25,476","48,266","499,741","26,943",32,45,"8,085"
2007,February,"30,928","47,245","608,659","25,643",64,61,"9,897"
2007,March,"20,225","59,516","293,906","31,658",256,186,"2,134"
2007,April,"27,798","53,939","375,331","28,940",605,941,"1,740"
2007,May,"264,203","83,728","5,073,676","46,404","3,085","4,592","79,302"
2007,June,"609,606","121,980","13,945,617","67,855","14,643","13,469","276,265"
2007,July,"822,773","161,896","18,777,421","89,203","23,850","15,357","371,007"
2007,August,"710,781","143,225","16,297,112","81,022","20,768","13,389","323,656"
2007,September,"463,994","107,258","10,009,262","60,309","12,246","15,446","185,055"
2007,October,"139,789","70,838","2,261,483","39,029","1,891","2,864","24,334"
2007,November,"15,362","48,849","206,578","25,480",253,218,927
2007,December,"20,408","44,377","370,717","23,983",61,64,"5,243"
2008,January,"26,864","45,794","550,571","26,017",38,51,"9,508"
2008,February,"33,557","49,901","673,898","28,595",70,131,"11,300"
2008,March,"19,147","54,311","266,875","30,900",102,80,"1,546"
2008,April,"24,433","47,087","313,430","25,553",301,355,843
2008,May,"217,938","75,635","4,391,950","42,113","3,754","4,061","74,029"
2008,June,"593,405","115,186","13,020,091","65,738","13,792","10,896","245,801"
2008,July,"808,110","161,547","17,763,421","89,569","23,158","13,194","336,088"
2008,August,"731,063","110,312","16,166,773","64,141","22,410","12,045","308,085"
2008,September,"437,552","87,906","9,498,226","51,993","12,506","14,083","176,984"
2008,October,"145,488","56,180","2,330,875","33,550","1,693","2,765","24,376"
2008,November,"12,671","39,497","168,779","21,384",147,176,697
2008,December,"16,352","35,194","314,528","18,937",64,42,"4,930"
2009,January,"24,770","38,746","490,442","21,818",74,122,"8,051"
2009,February,"28,355","40,205","571,705","22,397",51,115,"9,643"
2009,March,"17,317","43,861","249,932","25,505",166,115,"1,755"
2009,April,"24,831","39,774","325,850","22,537",496,666,"1,162"
2009,May,"261,763","70,051","4,628,276","41,201","3,171","2,163","61,963"
2009,June,"643,844","106,283","13,687,639","60,746","14,701","13,229","248,397"
2009,July,"900,515","143,668","19,570,496","81,204","25,680","15,635","365,180"
2009,August,"752,983","134,589","17,176,961","74,835","23,325","13,523","339,215"
2009,September,"489,438","107,735","11,042,236","61,802","14,198","16,755","215,373"
2009,October,"123,867","59,541","1,952,213","35,540","1,414","1,898","19,409"
2009,November,"9,397","37,631","132,068","19,791",138,253,805
2009,December,"18,107","34,904","329,954","18,737",51,163,"4,694"
2010,January,"25,595","35,517","494,333","19,288",99,118,"7,799"
2010,February,"29,108","38,259","479,138","21,129",138,122,"5,411"
2010,March,"21,028","45,714","297,914","24,207",326,173,"1,899"
2010,April,"32,763","41,744","437,299","21,827",736,"1,046","1,839"
2010,May,"250,445","69,977","4,326,772","39,123","4,416","5,709","55,060"
2010,June,"694,841","110,762","14,810,989","61,701","15,027","13,696","269,704"
2010,July,"957,785","160,239","19,994,405","89,159","26,214","15,485","354,208"
2010,August,"854,837","149,224","18,209,719","85,037","24,275","13,245","331,320"
2010,September,"550,504","113,247","12,324,701","65,903","13,280","15,597","238,278"
2010,October,"189,072","73,263","3,173,570","42,207","2,771","4,266","37,696"
2010,November,"16,819","33,819","224,652","19,300",205,291,951
2010,December,"17,388","40,898","260,317","22,059",93,77,"2,153"
2011,January,"24,517","44,257","404,406","24,038",42,86,"4,592"
2011,February,"28,174","44,203","465,973","23,742",61,96,"5,329"
2011,March,"18,728","49,218","273,922","26,144",112,182,"2,049"
2011,April,"28,147","46,305","367,702","24,698",525,634,"1,248"
2011,May,"207,842","73,474","3,618,816","42,472","2,874","4,381","46,864"
2011,June,"634,316","115,668","13,647,127","68,554","10,922","9,053","251,473"
2011,July,"906,935","165,359","19,366,419","98,349","24,909","14,346","353,467"
2011,August,"805,173","152,747","17,643,822","93,693","24,922","13,034","332,573"
2011,September,"536,349","116,015","12,359,066","75,332","13,462","14,803","246,786"
2011,October,"175,433","73,470","2,858,410","44,470","1,571","3,229","31,384"
2011,November,"12,198","47,110","165,902","25,525",131,266,814
2011,December,"16,514","47,690","303,742","26,220",54,58,"4,399"
2012,January,"24,766","44,920","513,880","24,395",32,109,"9,029"
2012,February,"27,752","48,614","570,034","26,477",77,138,"9,876"
2012,March,"20,248","54,639","338,237","28,954",266,218,"3,970"
2012,April,"29,056","53,529","390,745","28,835",819,890,"1,753"
2012,May,"268,251","83,610","4,521,047","57,195","4,637","5,242","54,252"
2012,June,"671,825","119,945","14,995,224","83,073","16,723","13,725","288,889"
2012,July,"888,335","170,594","19,151,968","107,787","27,469","14,118","353,831"
2012,August,"780,286","151,443","17,381,451","98,422","25,478","13,242","334,084"
2012,September,"527,610","115,223","12,338,342","77,917","11,539","13,210","250,293"
2012,October,"177,069","74,654","3,088,786","46,392","1,898","3,126","40,165"
2012,November,"14,059","47,210","188,860","26,270",189,336,840
2012,December,"18,472","45,664","299,743","24,262",122,109,"3,254"
2013,January,"24,699","47,731","525,917","25,545",64,202,"9,564"
2013,February,"31,053","51,212","630,998","27,546",58,118,"10,765"
2013,March,"18,613","58,343","339,324","30,962",170,262,"4,832"
2013,April,"24,606","53,049","324,187","28,824",448,698,"1,205"
2013,May,"293,250","88,620","4,924,949","58,230","4,298","5,990","58,581"
2013,June,"624,429","131,010","14,479,284","87,000","16,403","12,742","291,089"
2013,July,"812,212","174,379","18,171,085","110,750","27,776","13,827","351,022"
2013,August,"725,136","160,123","16,808,297","105,487","25,741","12,989","337,778"
2013,September,"557,925","117,848","12,722,814","81,099","12,931","15,958","251,155"
2013,October,"47,560","71,074","911,189","43,957",685,858,"14,186"
2013,November,"11,169","49,078","151,627","27,034",134,189,733
2013,December,"17,378","47,087","272,054","25,714",54,64,"2,646"
2014,January,"26,778","50,564","583,090","27,812",42,170,"10,906"
2014,February,"28,233","48,265","604,488","26,163",32,70,"11,070"
2014,March,"18,778","56,798","331,246","30,669",147,189,"4,413"
2014,April,"31,356","54,533","418,838","30,592",566,"1,104","1,773"
2014,May,"310,039","86,304","5,159,904","58,522","4,294","5,405","59,976"
2014,June,"669,642","131,003","14,446,534","90,317","15,702","13,043","267,118"
2014,July,"858,856","173,738","18,618,419","112,659","27,123","24,973","346,339"
2014,August,"773,357","159,471","16,911,503","102,730","23,434","12,429","317,968"
2014,September,"571,764","119,629","12,544,678","81,460","11,952","15,021","236,813"
2014,October,"194,804","80,328","3,547,495","51,679","2,736","4,608","50,410"
2014,November,"11,537","47,544","157,032","25,457",160,214,774
2014,December,"18,340","49,377","356,848","27,173",93,157,"5,699"
2015,January,"28,091","53,478","580,958","29,304",128,144,"10,161"
2015,February,"34,343","55,693","680,438","29,836",112,195,"11,180"
2015,March,"22,989","65,087","330,259","34,753",464,390,"2,266"
2015,April,"46,600","62,472","618,492","34,716","1,053","1,306","2,470"
2015,May,"386,064","98,137","6,925,963","63,724","5,686","8,150","95,550"
2015,June,"780,768","148,865","16,546,812","93,878","19,363","12,899","299,067"
2015,July,"980,702","190,369","19,679,203","125,260","27,747","13,408","329,616"
2015,August,"854,408","168,410","18,171,798","106,535","27,597","12,813","329,954"
2015,September,"680,213","131,438","14,026,186","87,464","17,062","15,610","244,318"
2015,October,"252,013","84,572","3,938,790","53,176","4,797","4,694","38,110"
2015,November,"11,049","49,416","144,324","26,798",70,138,489
2015,December,"20,470","48,181","373,622","26,351",70,83,"5,333"
2016,January,"30,621","51,099","616,524","28,434",192,125,"10,378"
2016,February,"36,327","55,180","705,175","30,420",106,179,"11,219"
2016,March,"22,924","62,138","328,817","34,109",438,358,"2,239"
2016,April,"59,253","64,044","800,138","35,637","1,264","1,728","3,712"
2016,May,"444,630","105,417","7,533,668","70,309","5,248","6,618","91,588"
2016,June,"838,316","156,070","17,362,708","102,950","20,381","13,274","304,288"
2016,July,"995,917","192,910","20,212,391","119,530","29,024","12,998","344,224"
2016,August,"841,036","176,451","17,988,408","115,086","27,075","12,256","328,999"
2016,September,"701,754","142,449","14,453,366","94,624","14,432","15,968","251,347"
2016,October,"242,004","84,598","3,758,347","53,299","2,877","4,662","35,596"
2016,November,"24,710","60,954","337,033","33,492",560,707,"1,688"
2016,December,"19,685","47,546","315,352","25,838",42,118,"3,297"
2017,January,"29,518","53,822","512,791","29,611",154,93,"6,607"
2017,February,"32,275","54,038","550,526","29,794",106,102,"6,801"
2017,March,"23,897","62,505","332,650","35,822",349,448,"1,912"
2017,April,"45,160","65,733","619,507","37,242",963,"1,344","3,233"
2017,May,"419,635","119,406","7,385,154","75,048","5,290","10,541","97,897"
2017,June,"803,652","159,872","17,052,109","104,371","16,938","12,842","308,678"
2017,July,"962,404","202,263","19,952,840","123,391","28,678","12,413","350,166"
2017,August,"916,166","189,463","19,606,645","118,582","28,960","12,714","358,861"
2017,September,"640,068","140,300","14,069,897","91,015","12,000","13,946","266,212"
2017,October,"211,987","92,665","3,557,200","58,368","2,477","4,931","42,223"
2017,November,"10,468","55,331","142,592","29,851",253,218,707
2017,December,"21,294","52,150","367,852","28,150",125,131,"4,680"
2018,January,"29,179","56,623","600,516","31,152",118,141,"10,432"
2018,February,"34,263","52,697","668,314","28,613",131,186,"10,715"
2018,March,"22,741","61,031","377,434","32,835",227,365,"4,356"
2018,April,"37,766","61,610","538,082","35,020",538,"1,446","3,537"
2018,May,"446,875","120,532","7,666,884","80,301","3,862","6,122","96,016"
2018,June,"810,884","156,648","17,487,654","102,439","16,627","13,725","323,210"
2018,July,"940,563","197,579","19,806,893","122,434","26,387","15,331","355,006"
2018,August,"813,970","174,770","17,972,316","109,545","24,458","15,126","341,862"
2018,September,"724,454","141,955","15,961,248","91,763","13,101","16,150","302,825"
2018,October,"218,076","90,763","3,030,466","55,111","2,765","5,744","17,231"
2018,November,"13,849","60,933","180,887","33,391",214,259,613
2018,December,"22,380","54,298","276,390","29,239",134,176,326
2019,January,"33,896","58,361","570,106","31,046",96,198,"6,806"
2019,February,"31,650","52,880","533,837","29,470",32,83,"6,418"
2019,March,"28,695","64,620","358,548","35,605",182,294,592
2019,April,"48,150","63,536","662,508","35,638",643,"1,517","3,530"
2019,May,"434,385","108,215","6,660,866","67,507","4,531","6,906","60,344"
2019,June,"781,853","152,062","16,176,090","93,896","13,302","14,541","283,077"
2019,July,"936,062","193,317","19,420,614","113,643","27,136","16,227","341,161"
2019,August,"820,006","170,202","17,363,508","101,781","22,458","17,389","313,476"
2019,September,"693,118","134,406","14,724,566","83,318","10,822","18,691","266,965"
2019,October,"171,339","81,757","3,275,664","48,688","1,494","3,834","50,817"
2019,November,"15,628","52,449","202,188","28,120",182,419,611
2019,December,"25,506","55,723","400,924","30,122",144,195,"3,952"
2020,January,"25,234","58,120","573,557","30,870",118,336,"11,281"
2020,February,"41,880","59,368","763,423","31,881",86,224,"10,869"
2020,March,"32,516","72,370","407,717","38,953",150,509,730
2020,April,0,"44,945",0,"31,431",0,0,0
2020,May,"46,219","76,262","554,623","54,519",0,0,0
2020,June,"573,205","92,762","8,666,260","58,527",0,0,"74,492"
2020,July,"955,645","191,112","16,060,086","102,108",0,0,"191,348"
2020,August,"881,829","171,138","14,777,275","98,497","2,323","2,157","174,805"
2020,September,"837,114","152,519","13,258,355","89,212","12,250","11,424","133,874"
2020,October,"359,889","100,505","5,181,164","59,467","4,234","7,808","35,938"
2020,November,"24,132","52,007","321,734","27,805",352,486,"1,339"
2020,December,"28,643","51,337","377,700","27,231",218,346,"1,416"
2021,January,"35,338","60,975","463,738","34,784",115,422,"1,654"
2021,February,"36,897","53,569","478,308","30,976",93,275,"1,481"
2021,March,"35,611","73,117","471,396","41,095",250,582,"1,836"
2021,April,"67,508","77,290","877,673","47,264",634,"2,003","2,816"
2021,May,"473,799","126,299","6,801,564","79,941","2,970","5,162","46,499"
2021,June,"938,845","191,850","15,847,901","113,065","9,760","8,614","190,907"
2021,July,"1,080,767","202,660","19,645,627","118,634","14,682","11,094","278,184"
2021,August,"921,844","180,479","17,222,129","107,405","12,397","11,677","256,667"
2021,September,"882,078","154,422","15,058,243","92,251","8,467","12,573","186,388"
2021,October,"316,662","104,321","4,728,566","62,745","2,682","5,840","38,693"
2021,November,"33,144","63,973","476,436","33,251",301,893,"3,280"
2021,December,"37,749","40,413","591,914","26,519",160,230,"5,788"
